Name,StartTime,EndTime,BodyWeight,Exercise,Equipment,Reps,Weight,Time,Distance,Status,IsWarmup,RPE,RIR,Categories,Note
Workout,2026-01-19T17:14:38.175Z,2026-01-19T17:51:30.881Z,60,Romanian Deadlift,Barbell,8,25,,,Done,false,,,"Hamstrings,Calves,Gluteals,Back (Lower)",
Workout,2026-01-19T17:14:38.175Z,2026-01-19T17:51:30.881Z,60,Romanian Deadlift,Barbell,8,25,,,Done,false,,,"Hamstrings,Calves,Gluteals,Back (Lower)",
Workout,2026-01-19T17:14:38.175Z,2026-01-19T17:51:30.881Z,60,Romanian Deadlift,Barbell,8,25,,,Done,false,,,"Hamstrings,Calves,Gluteals,Back (Lower)",
Workout,2026-01-19T17:14:38.175Z,2026-01-19T17:51:30.881Z,60,Leg Curl,Machine,8,45,,,Done,false,,,"Calves,Hamstrings",
Workout,2026-01-19T17:14:38.175Z,2026-01-19T17:51:30.881Z,60,Leg Curl,Machine,8,40,,,Done,false,,,"Calves,Hamstrings",
Workout,2026-01-19T17:14:38.175Z,2026-01-19T17:51:30.881Z,60,Leg Curl,Machine,8,40,,,Done,false,,,"Calves,Hamstrings",
Workout,2026-01-19T17:14:38.175Z,2026-01-19T17:51:30.881Z,60,Leg Extension,Machine,8,40,,,Done,false,,,"Quadriceps",
Workout,2026-01-19T17:14:38.175Z,2026-01-19T17:51:30.881Z,60,Leg Extension,Machine,8,40,,,Done,false,,,"Quadriceps",
Workout,2026-01-19T17:14:38.175Z,2026-01-19T17:51:30.881Z,60,Leg Extension,Machine,8,40,,,Done,false,,,"Quadriceps",
Workout,2026-01-19T17:14:38.175Z,2026-01-19T17:51:30.881Z,60,Dumbbell Lunges,Dumbbell,12,3,,,Done,false,,,"Quadriceps,Calves,Gluteals,Hamstrings",
Workout,2026-01-19T17:14:38.175Z,2026-01-19T17:51:30.881Z,60,Dumbbell Lunges,Dumbbell,12,3,,,Done,false,,,"Quadriceps,Calves,Gluteals,Hamstrings",
Workout,2026-01-19T17:14:38.175Z,2026-01-19T17:51:30.881Z,60,Dumbbell Lunges,Dumbbell,12,3,,,Done,false,,,"Quadriceps,Calves,Gluteals,Hamstrings",
Workout,2026-01-19T17:14:38.175Z,2026-01-19T17:51:30.881Z,60,Overhead Press,None,10,5,,,Done,false,,,"Pectorals,Deltoids,Triceps,Trapezius",
Workout,2026-01-19T17:14:38.175Z,2026-01-19T17:51:30.881Z,60,Overhead Press,None,10,5,,,Done,false,,,"Pectorals,Deltoids,Triceps,Trapezius",
Workout,2026-01-19T17:14:38.175Z,2026-01-19T17:51:30.881Z,60,Overhead Press,None,8,5,,,Done,false,,,"Pectorals,Deltoids,Triceps,Trapezius",
Workout,2026-01-19T17:14:38.175Z,2026-01-19T17:51:30.881Z,60,Band Assisted Pull-Up,None,8,50,,,Done,false,,,"Lats,Abdominals (Lower),Forearms",
Workout,2026-01-19T17:14:38.175Z,2026-01-19T17:51:30.881Z,60,Band Assisted Pull-Up,None,6,50,,,Done,false,,,"Lats,Abdominals (Lower),Forearms",
Workout,2026-01-19T17:14:38.175Z,2026-01-19T17:51:30.881Z,60,Band Assisted Pull-Up,None,8,57.5,,,Done,false,,,"Lats,Abdominals (Lower),Forearms",
Workout,2026-01-19T17:14:38.175Z,2026-01-19T17:51:30.881Z,60,Dumbbell Bench Press,Dumbbell,10,7,,,Done,false,,,"Chest,Trapezius,Triceps",
Workout,2026-01-19T17:14:38.175Z,2026-01-19T17:51:30.881Z,60,Dumbbell Bench Press,Dumbbell,10,7,,,Done,false,,,"Chest,Trapezius,Triceps",
Workout,2026-01-19T17:14:38.175Z,2026-01-19T17:51:30.881Z,60,Dumbbell Bench Press,Dumbbell,10,7,,,Done,false,,,"Chest,Trapezius,Triceps",
Workout,2026-01-19T17:14:38.175Z,2026-01-19T17:51:30.881Z,60,Dumbbell Bench Press,Dumbbell,10,8,,,Done,false,,,"Chest,Trapezius,Triceps",
Workout,2026-01-19T17:14:38.175Z,2026-01-19T17:51:30.881Z,60,Bench Dips,None,10,0,,,Done,false,,,"Triceps,Chest,Trapezius",
Workout,2026-01-19T17:14:38.175Z,2026-01-19T17:51:30.881Z,60,Bench Dips,None,10,0,,,Done,false,,,"Triceps,Chest,Trapezius",
Workout,2026-01-19T17:14:38.175Z,2026-01-19T17:51:30.881Z,60,Bench Dips,None,10,0,,,Done,false,,,"Triceps,Chest,Trapezius",
Friday,2026-01-23T09:16:57.474Z,2026-01-23T10:01:31.477Z,60,Wide-Grip Lat Pulldown,Machine,12,25,,,Done,false,,,"Lats,Biceps,Trapezius",
Friday,2026-01-23T09:16:57.474Z,2026-01-23T10:01:31.477Z,60,Wide-Grip Lat Pulldown,Machine,12,25,,,Done,false,,,"Lats,Biceps,Trapezius",
Friday,2026-01-23T09:16:57.474Z,2026-01-23T10:01:31.477Z,60,Wide-Grip Lat Pulldown,Machine,12,25,,,Done,false,,,"Lats,Biceps,Trapezius",
Friday,2026-01-23T09:16:57.474Z,2026-01-23T10:01:31.477Z,60,Dumbbell Bench Press,Dumbbell,12,7,,,Done,false,,,"Chest,Trapezius,Triceps",
Friday,2026-01-23T09:16:57.474Z,2026-01-23T10:01:31.477Z,60,Dumbbell Bench Press,Dumbbell,12,7,,,Done,false,,,"Chest,Trapezius,Triceps",
Friday,2026-01-23T09:16:57.474Z,2026-01-23T10:01:31.477Z,60,Dumbbell Bench Press,Dumbbell,12,7,,,Done,false,,,"Chest,Trapezius,Triceps",
Friday,2026-01-23T09:16:57.474Z,2026-01-23T10:01:31.477Z,60,Dumbbell Bench Press,Dumbbell,12,0,,,Done,false,,,"Chest,Trapezius,Triceps",
Friday,2026-01-23T09:16:57.474Z,2026-01-23T10:01:31.477Z,60,Seated Cable Rows,Machine,12,25,,,Done,false,,,"Biceps,Lats,Trapezius",
Friday,2026-01-23T09:16:57.474Z,2026-01-23T10:01:31.477Z,60,Seated Cable Rows,Machine,12,25,,,Done,false,,,"Biceps,Lats,Trapezius",
Friday,2026-01-23T09:16:57.474Z,2026-01-23T10:01:31.477Z,60,Seated Cable Rows,Machine,0,25,,,Done,false,,,"Biceps,Lats,Trapezius",
Friday,2026-01-23T09:16:57.474Z,2026-01-23T10:01:31.477Z,60,Lateral Raise,Dumbbell,12,2,,,Done,false,,,"Deltoids,Obliques",
Friday,2026-01-23T09:16:57.474Z,2026-01-23T10:01:31.477Z,60,Lateral Raise,Dumbbell,12,2,,,Done,false,,,"Deltoids,Obliques",
Friday,2026-01-23T09:16:57.474Z,2026-01-23T10:01:31.477Z,60,Lateral Raise,Dumbbell,8,3,,,Done,false,,,"Deltoids,Obliques",
Friday,2026-01-23T09:16:57.474Z,2026-01-23T10:01:31.477Z,60,Single Leg Glute Bridge,None,12,0,,,Done,false,,,"Gluteals,Hamstrings",2 sets each leg
Friday,2026-01-23T09:16:57.474Z,2026-01-23T10:01:31.477Z,60,Single Leg Glute Bridge,None,12,0,,,Done,false,,,"Gluteals,Hamstrings",2 sets each leg
Friday,2026-01-23T09:16:57.474Z,2026-01-23T10:01:31.477Z,60,Single Leg Glute Bridge,None,12,0,,,Done,false,,,"Gluteals,Hamstrings",2 sets each leg
Friday,2026-01-23T09:16:57.474Z,2026-01-23T10:01:31.477Z,60,Single Leg Glute Bridge,None,12,0,,,Done,false,,,"Gluteals,Hamstrings",2 sets each leg
Friday,2026-01-23T09:16:57.474Z,2026-01-23T10:01:31.477Z,60,Farmer's Walk,None,4,12.5,,,Done,false,,,"Forearms,Abdominals (Lower),Gluteals,Hamstrings,Back (Lower),Quadriceps,Trapezius",
Friday,2026-01-23T09:16:57.474Z,2026-01-23T10:01:31.477Z,60,Farmer's Walk,None,4,15,,,Done,false,,,"Forearms,Abdominals (Lower),Gluteals,Hamstrings,Back (Lower),Quadriceps,Trapezius",
Monday,2026-01-26T16:47:15.510Z,2026-01-26T17:51:56.412Z,60,Band Assisted Pull-Up,None,8,57.5,,,Done,false,,,"Lats,Abdominals (Lower),Forearms",
Monday,2026-01-26T16:47:15.510Z,2026-01-26T17:51:56.412Z,60,Band Assisted Pull-Up,None,8,57.5,,,Done,false,,,"Lats,Abdominals (Lower),Forearms",
Monday,2026-01-26T16:47:15.510Z,2026-01-26T17:51:56.412Z,60,Band Assisted Pull-Up,None,8,57.5,,,Done,false,,,"Lats,Abdominals (Lower),Forearms",
Monday,2026-01-26T16:47:15.510Z,2026-01-26T17:51:56.412Z,60,Band Assisted Pull-Up,None,6,50,,,Done,false,,,"Lats,Abdominals (Lower),Forearms",
Monday,2026-01-26T16:47:15.510Z,2026-01-26T17:51:56.412Z,60,Dumbbell Bench Press,Dumbbell,12,8,,,Done,false,,,"Chest,Trapezius,Triceps",
Monday,2026-01-26T16:47:15.510Z,2026-01-26T17:51:56.412Z,60,Dumbbell Bench Press,Dumbbell,12,8,,,Done,false,,,"Chest,Trapezius,Triceps",
Monday,2026-01-26T16:47:15.510Z,2026-01-26T17:51:56.412Z,60,Dumbbell Bench Press,Dumbbell,12,8,,,Done,false,,,"Chest,Trapezius,Triceps",
Monday,2026-01-26T16:47:15.510Z,2026-01-26T17:51:56.412Z,60,Dumbbell Bench Press,Dumbbell,8,9,,,Done,false,,,"Chest,Trapezius,Triceps",
Monday,2026-01-26T16:47:15.510Z,2026-01-26T17:51:56.412Z,60,Bent-over Row,Dumbbell,12,10,,,Done,false,,,"Trapezius,Back (Lower),Deltoids",3 sets each arm
Monday,2026-01-26T16:47:15.510Z,2026-01-26T17:51:56.412Z,60,Bent-over Row,Dumbbell,12,10,,,Done,false,,,"Trapezius,Back (Lower),Deltoids",3 sets each arm
Monday,2026-01-26T16:47:15.510Z,2026-01-26T17:51:56.412Z,60,Bent-over Row,Dumbbell,10,12.5,,,Done,false,,,"Trapezius,Back (Lower),Deltoids",3 sets each arm
Monday,2026-01-26T16:47:15.510Z,2026-01-26T17:51:56.412Z,60,Bent-over Row,Dumbbell,10,12.5,,,Done,false,,,"Trapezius,Back (Lower),Deltoids",3 sets each arm
Monday,2026-01-26T16:47:15.510Z,2026-01-26T17:51:56.412Z,60,Bent-over Row,Dumbbell,10,12.5,,,Done,false,,,"Trapezius,Back (Lower),Deltoids",3 sets each arm
Monday,2026-01-26T16:47:15.510Z,2026-01-26T17:51:56.412Z,60,Bent-over Row,Dumbbell,10,12.5,,,Done,false,,,"Trapezius,Back (Lower),Deltoids",3 sets each arm
Monday,2026-01-26T16:47:15.510Z,2026-01-26T17:51:56.412Z,60,Dumbbell Shoulder Press,Dumbbell,15,4,,,Done,false,,,"Trapezius,Triceps",
Monday,2026-01-26T16:47:15.510Z,2026-01-26T17:51:56.412Z,60,Dumbbell Shoulder Press,Dumbbell,12,4,,,Done,false,,,"Trapezius,Triceps",
Monday,2026-01-26T16:47:15.510Z,2026-01-26T17:51:56.412Z,60,Dumbbell Shoulder Press,Dumbbell,12,4,,,Done,false,,,"Trapezius,Triceps",
Monday,2026-01-26T16:47:15.510Z,2026-01-26T17:51:56.412Z,60,Dumbbell Shoulder Press,Dumbbell,12,4,,,Done,false,,,"Trapezius,Triceps",
Monday,2026-01-26T16:47:15.510Z,2026-01-26T17:51:56.412Z,60,Face Pull,Machine,15,15,,,Done,false,,,"Trapezius",
Monday,2026-01-26T16:47:15.510Z,2026-01-26T17:51:56.412Z,60,Face Pull,Machine,15,15,,,Done,false,,,"Trapezius",
Monday,2026-01-26T16:47:15.510Z,2026-01-26T17:51:56.412Z,60,Dead Bug,None,8,0,,,Done,false,,,"Abdominals (Lower)",2 sets each side
Monday,2026-01-26T16:47:15.510Z,2026-01-26T17:51:56.412Z,60,Dead Bug,None,8,0,,,Done,false,,,"Abdominals (Lower)",2 sets each side
Monday,2026-01-26T16:47:15.510Z,2026-01-26T17:51:56.412Z,60,Dead Bug,None,8,0,,,Done,false,,,"Abdominals (Lower)",2 sets each side
Monday,2026-01-26T16:47:15.510Z,2026-01-26T17:51:56.412Z,60,Dead Bug,None,8,0,,,Done,false,,,"Abdominals (Lower)",2 sets each side
Monday,2026-01-26T16:47:15.510Z,2026-01-26T17:51:56.412Z,60,Push Up to Side Plank,None,30,0,,,Done,false,,,"Chest,Abdominals (Lower),Trapezius,Triceps",2 sets each side. No push up. 
Monday,2026-01-26T16:47:15.510Z,2026-01-26T17:51:56.412Z,60,Push Up to Side Plank,None,30,0,,,Done,false,,,"Chest,Abdominals (Lower),Trapezius,Triceps",2 sets each side. No push up. 
Monday,2026-01-26T16:47:15.510Z,2026-01-26T17:51:56.412Z,60,Push Up to Side Plank,None,30,0,,,Done,false,,,"Chest,Abdominals (Lower),Trapezius,Triceps",2 sets each side. No push up. 
Monday,2026-01-26T16:47:15.510Z,2026-01-26T17:51:56.412Z,60,Push Up to Side Plank,None,30,0,,,Done,false,,,"Chest,Abdominals (Lower),Trapezius,Triceps",2 sets each side. No push up. 
Monday,2026-01-26T16:47:15.510Z,2026-01-26T17:51:56.412Z,60,Leg Press,None,6,50,,,Done,false,,,"Gluteals,Hamstrings,Quadriceps,Calves",
Monday,2026-01-26T16:47:15.510Z,2026-01-26T17:51:56.412Z,60,Leg Press,None,8,50,,,Done,false,,,"Gluteals,Hamstrings,Quadriceps,Calves",
Monday,2026-01-26T16:47:15.510Z,2026-01-26T17:51:56.412Z,60,Leg Press,None,8,60,,,Done,false,,,"Gluteals,Hamstrings,Quadriceps,Calves",
Thursday,2026-01-28T14:36:54.850Z,2026-01-28T15:07:49.075Z,60,Leg Press,None,8,25,,,Done,false,,,"Gluteals,Hamstrings,Quadriceps,Calves",
Thursday,2026-01-28T14:36:54.850Z,2026-01-28T15:07:49.075Z,60,Leg Press,None,5,50,,,Done,false,,,"Gluteals,Hamstrings,Quadriceps,Calves",
Thursday,2026-01-28T14:36:54.850Z,2026-01-28T15:07:49.075Z,60,Leg Press,None,5,50,,,Done,false,,,"Gluteals,Hamstrings,Quadriceps,Calves",
Thursday,2026-01-28T14:36:54.850Z,2026-01-28T15:07:49.075Z,60,Barbell Deadlift,Barbell,8,45,,,Done,false,,,"Back (Lower),Calves,Forearms,Gluteals,Hamstrings,Lats,Quadriceps,Trapezius",
Thursday,2026-01-28T14:36:54.850Z,2026-01-28T15:07:49.075Z,60,Barbell Deadlift,Barbell,8,45,,,Done,false,,,"Back (Lower),Calves,Forearms,Gluteals,Hamstrings,Lats,Quadriceps,Trapezius",
Thursday,2026-01-28T14:36:54.850Z,2026-01-28T15:07:49.075Z,60,Barbell Deadlift,Barbell,8,45,,,Done,false,,,"Back (Lower),Calves,Forearms,Gluteals,Hamstrings,Lats,Quadriceps,Trapezius",
Thursday,2026-01-28T14:36:54.850Z,2026-01-28T15:07:49.075Z,60,Barbell Deadlift,Barbell,6,50,,,Done,false,,,"Back (Lower),Calves,Forearms,Gluteals,Hamstrings,Lats,Quadriceps,Trapezius",
Thursday,2026-01-28T14:36:54.850Z,2026-01-28T15:07:49.075Z,60,Barbell Hip Thrust,Barbell,8,15,,,Done,false,,,"Gluteals,Calves,Hamstrings",
Thursday,2026-01-28T14:36:54.850Z,2026-01-28T15:07:49.075Z,60,Barbell Hip Thrust,Barbell,8,15,,,Done,false,,,"Gluteals,Calves,Hamstrings",
Thursday,2026-01-28T14:36:54.850Z,2026-01-28T15:07:49.075Z,60,Barbell Hip Thrust,Barbell,8,15,,,Done,false,,,"Gluteals,Calves,Hamstrings",
Thursday,2026-01-28T14:36:54.850Z,2026-01-28T15:07:49.075Z,60,Seated Leg Curl,Machine,8,45,,,Done,false,,,"Hamstrings",
Thursday,2026-01-28T14:36:54.850Z,2026-01-28T15:07:49.075Z,60,Seated Leg Curl,Machine,8,45,,,Done,false,,,"Hamstrings",
Thursday,2026-01-28T14:36:54.850Z,2026-01-28T15:07:49.075Z,60,Single-Leg Leg Extension,Machine,8,15,,,Done,false,,,"Quadriceps",2 sets each leg
Thursday,2026-01-28T14:36:54.850Z,2026-01-28T15:07:49.075Z,60,Single-Leg Leg Extension,Machine,8,15,,,Done,false,,,"Quadriceps",2 sets each leg
Thursday,2026-01-28T14:36:54.850Z,2026-01-28T15:07:49.075Z,60,Single-Leg Leg Extension,Machine,8,15,,,Done,false,,,"Quadriceps",2 sets each leg
Thursday,2026-01-28T14:36:54.850Z,2026-01-28T15:07:49.075Z,60,Single-Leg Leg Extension,Machine,8,15,,,Done,false,,,"Quadriceps",2 sets each leg
Thursday,2026-01-28T14:36:54.850Z,2026-01-28T15:07:49.075Z,60,Standing Calf Raise,Dumbbell,8,14,,,Done,false,,,"Calves",
Thursday,2026-01-28T14:36:54.850Z,2026-01-28T15:07:49.075Z,60,Standing Calf Raise,Dumbbell,8,25,,,Done,false,,,"Calves",
Thursday,2026-01-28T14:36:54.850Z,2026-01-28T15:07:49.075Z,60,Standing Calf Raise,Dumbbell,8,25,,,Done,false,,,"Calves",
Monday,2026-02-02T16:54:40.133Z,2026-02-02T17:43:15.021Z,60,Band Assisted Pull-Up,None,8,57.5,,,Done,false,,,"Lats,Abdominals (Lower),Forearms",
Monday,2026-02-02T16:54:40.133Z,2026-02-02T17:43:15.021Z,60,Band Assisted Pull-Up,None,8,57.5,,,Done,false,,,"Lats,Abdominals (Lower),Forearms",
Monday,2026-02-02T16:54:40.133Z,2026-02-02T17:43:15.021Z,60,Band Assisted Pull-Up,None,8,57.5,,,Done,false,,,"Lats,Abdominals (Lower),Forearms",
Monday,2026-02-02T16:54:40.133Z,2026-02-02T17:43:15.021Z,60,Band Assisted Pull-Up,None,6,50,,,Done,false,,,"Lats,Abdominals (Lower),Forearms",
Monday,2026-02-02T16:54:40.133Z,2026-02-02T17:43:15.021Z,60,Dumbbell Bench Press,Dumbbell,8,9,,,Done,false,,,"Chest,Trapezius,Triceps",
Monday,2026-02-02T16:54:40.133Z,2026-02-02T17:43:15.021Z,60,Dumbbell Bench Press,Dumbbell,8,9,,,Done,false,,,"Chest,Trapezius,Triceps",
Monday,2026-02-02T16:54:40.133Z,2026-02-02T17:43:15.021Z,60,Dumbbell Bench Press,Dumbbell,8,9,,,Done,false,,,"Chest,Trapezius,Triceps",
Monday,2026-02-02T16:54:40.133Z,2026-02-02T17:43:15.021Z,60,Dumbbell Bench Press,Dumbbell,8,9,,,Done,false,,,"Chest,Trapezius,Triceps",
Monday,2026-02-02T16:54:40.133Z,2026-02-02T17:43:15.021Z,60,Bent-over Row,Dumbbell,12,12.5,,,Done,false,,,"Trapezius,Back (Lower),Deltoids",3 sets each arm
Monday,2026-02-02T16:54:40.133Z,2026-02-02T17:43:15.021Z,60,Bent-over Row,Dumbbell,12,12.5,,,Done,false,,,"Trapezius,Back (Lower),Deltoids",3 sets each arm
Monday,2026-02-02T16:54:40.133Z,2026-02-02T17:43:15.021Z,60,Bent-over Row,Dumbbell,12,12.5,,,Done,false,,,"Trapezius,Back (Lower),Deltoids",3 sets each arm
Monday,2026-02-02T16:54:40.133Z,2026-02-02T17:43:15.021Z,60,Bent-over Row,Dumbbell,12,12.5,,,Done,false,,,"Trapezius,Back (Lower),Deltoids",3 sets each arm
Monday,2026-02-02T16:54:40.133Z,2026-02-02T17:43:15.021Z,60,Bent-over Row,Dumbbell,12,12.5,,,Done,false,,,"Trapezius,Back (Lower),Deltoids",3 sets each arm
Monday,2026-02-02T16:54:40.133Z,2026-02-02T17:43:15.021Z,60,Bent-over Row,Dumbbell,12,12.5,,,Done,false,,,"Trapezius,Back (Lower),Deltoids",3 sets each arm
Monday,2026-02-02T16:54:40.133Z,2026-02-02T17:43:15.021Z,60,Dumbbell Shoulder Press,Dumbbell,12,4,,,Done,false,,,"Trapezius,Triceps",
Monday,2026-02-02T16:54:40.133Z,2026-02-02T17:43:15.021Z,60,Dumbbell Shoulder Press,Dumbbell,12,5,,,Done,false,,,"Trapezius,Triceps",
Monday,2026-02-02T16:54:40.133Z,2026-02-02T17:43:15.021Z,60,Dumbbell Shoulder Press,Dumbbell,12,5,,,Done,false,,,"Trapezius,Triceps",
Monday,2026-02-02T16:54:40.133Z,2026-02-02T17:43:15.021Z,60,Face Pull,Machine,15,15,,,Done,false,,,"Trapezius",
Monday,2026-02-02T16:54:40.133Z,2026-02-02T17:43:15.021Z,60,Face Pull,Machine,12,20,,,Done,false,,,"Trapezius",
Monday,2026-02-02T16:54:40.133Z,2026-02-02T17:43:15.021Z,60,Side Bridge,None,1,30,,,Done,false,,,"Abdominals (Lower),Trapezius",
Monday,2026-02-02T16:54:40.133Z,2026-02-02T17:43:15.021Z,60,Side Bridge,None,1,30,,,Done,false,,,"Abdominals (Lower),Trapezius",
Thursday,2026-02-09T08:53:57.718Z,2026-02-09T09:48:20.075Z,60,Leg Press,None,12,50,,,Done,false,,,"Gluteals,Hamstrings,Quadriceps,Calves",
Thursday,2026-02-09T08:53:57.718Z,2026-02-09T09:48:20.075Z,60,Leg Press,None,12,60,,,Done,false,,,"Gluteals,Hamstrings,Quadriceps,Calves",
Thursday,2026-02-09T08:53:57.718Z,2026-02-09T09:48:20.075Z,60,Leg Press,None,12,70,,,Done,false,,,"Gluteals,Hamstrings,Quadriceps,Calves",
Thursday,2026-02-09T08:53:57.718Z,2026-02-09T09:48:20.075Z,60,Leg Press,None,10,80,,,Done,false,,,"Gluteals,Hamstrings,Quadriceps,Calves",
Thursday,2026-02-09T08:53:57.718Z,2026-02-09T09:48:20.075Z,60,One-Arm Kettlebell Swings,Kettlebells,20,14,,,Done,false,,,"Hamstrings,Calves,Gluteals,Back (Lower),Trapezius",
Thursday,2026-02-09T08:53:57.718Z,2026-02-09T09:48:20.075Z,60,One-Arm Kettlebell Swings,Kettlebells,10,20,,,Done,false,,,"Hamstrings,Calves,Gluteals,Back (Lower),Trapezius",
Thursday,2026-02-09T08:53:57.718Z,2026-02-09T09:48:20.075Z,60,One-Arm Kettlebell Swings,Kettlebells,10,20,,,Done,false,,,"Hamstrings,Calves,Gluteals,Back (Lower),Trapezius",
Thursday,2026-02-09T08:53:57.718Z,2026-02-09T09:48:20.075Z,60,Barbell Hip Thrust,Barbell,12,12.5,,,Done,false,,,"Gluteals,Calves,Hamstrings",
Thursday,2026-02-09T08:53:57.718Z,2026-02-09T09:48:20.075Z,60,Barbell Hip Thrust,Barbell,12,15,,,Done,false,,,"Gluteals,Calves,Hamstrings",
Thursday,2026-02-09T08:53:57.718Z,2026-02-09T09:48:20.075Z,60,Barbell Hip Thrust,Barbell,12,15,,,Done,false,,,"Gluteals,Calves,Hamstrings",
Thursday,2026-02-09T08:53:57.718Z,2026-02-09T09:48:20.075Z,60,Seated Leg Curl,Machine,12,45,,,Done,false,,,"Hamstrings",
Thursday,2026-02-09T08:53:57.718Z,2026-02-09T09:48:20.075Z,60,Seated Leg Curl,Machine,12,50,,,Done,false,,,"Hamstrings",
Thursday,2026-02-09T08:53:57.718Z,2026-02-09T09:48:20.075Z,60,Single-Leg Leg Extension,Machine,10,15,,,Done,false,,,"Quadriceps",2 sets each leg
Thursday,2026-02-09T08:53:57.718Z,2026-02-09T09:48:20.075Z,60,Single-Leg Leg Extension,Machine,10,15,,,Done,false,,,"Quadriceps",2 sets each leg
Thursday,2026-02-09T08:53:57.718Z,2026-02-09T09:48:20.075Z,60,Single-Leg Leg Extension,Machine,10,15,,,Done,false,,,"Quadriceps",2 sets each leg
Thursday,2026-02-09T08:53:57.718Z,2026-02-09T09:48:20.075Z,60,Single-Leg Leg Extension,Machine,10,15,,,Done,false,,,"Quadriceps",2 sets each leg
Thursday,2026-02-09T08:53:57.718Z,2026-02-09T09:48:20.075Z,60,Standing Calf Raise,Dumbbell,12,25,,,Done,false,,,"Calves","Two sets straight legs, two sets bent knee"
Thursday,2026-02-09T08:53:57.718Z,2026-02-09T09:48:20.075Z,60,Standing Calf Raise,Dumbbell,12,25,,,Done,false,,,"Calves","Two sets straight legs, two sets bent knee"
Thursday,2026-02-09T08:53:57.718Z,2026-02-09T09:48:20.075Z,60,Standing Calf Raise,Dumbbell,12,12.5,,,Done,false,,,"Calves","Two sets straight legs, two sets bent knee"
Thursday,2026-02-09T08:53:57.718Z,2026-02-09T09:48:20.075Z,60,Standing Calf Raise,Dumbbell,12,12.5,,,Done,false,,,"Calves","Two sets straight legs, two sets bent knee"
Friday,2026-02-13T14:18:12.749Z,2026-02-13T14:51:08.574Z,60,Wide-Grip Lat Pulldown,Machine,12,25,,,Done,false,,,"Lats,Biceps,Trapezius",
Friday,2026-02-13T14:18:12.749Z,2026-02-13T14:51:08.574Z,60,Wide-Grip Lat Pulldown,Machine,8,30,,,Done,false,,,"Lats,Biceps,Trapezius",
Friday,2026-02-13T14:18:12.749Z,2026-02-13T14:51:08.574Z,60,Wide-Grip Lat Pulldown,Machine,8,30,,,Done,false,,,"Lats,Biceps,Trapezius",
Friday,2026-02-13T14:18:12.749Z,2026-02-13T14:51:08.574Z,60,Seated Cable Rows,Machine,12,25,,,Done,false,,,"Biceps,Lats,Trapezius",
Friday,2026-02-13T14:18:12.749Z,2026-02-13T14:51:08.574Z,60,Seated Cable Rows,Machine,12,25,,,Done,false,,,"Biceps,Lats,Trapezius",
Friday,2026-02-13T14:18:12.749Z,2026-02-13T14:51:08.574Z,60,Seated Cable Rows,Machine,12,0,,,Done,false,,,"Biceps,Lats,Trapezius",
Friday,2026-02-13T14:18:12.749Z,2026-02-13T14:51:08.574Z,60,Incline Dumbbell Press,Dumbbell,12,7,,,Done,false,,,"Chest,Trapezius,Triceps",
Friday,2026-02-13T14:18:12.749Z,2026-02-13T14:51:08.574Z,60,Incline Dumbbell Press,Dumbbell,12,7,,,Done,false,,,"Chest,Trapezius,Triceps",
Friday,2026-02-13T14:18:12.749Z,2026-02-13T14:51:08.574Z,60,Incline Dumbbell Press,Dumbbell,12,7,,,Done,false,,,"Chest,Trapezius,Triceps",
Friday,2026-02-13T14:18:12.749Z,2026-02-13T14:51:08.574Z,60,Cable Rear Delt Fly,Machine,8,5,,,Done,false,,,"Trapezius",
Friday,2026-02-13T14:18:12.749Z,2026-02-13T14:51:08.574Z,60,Cable Rear Delt Fly,Machine,8,5,,,Done,false,,,"Trapezius",
Friday,2026-02-13T14:18:12.749Z,2026-02-13T14:51:08.574Z,60,Single Leg Glute Bridge,None,12,0,,,Done,false,,,"Gluteals,Hamstrings",2 sets each leg
Friday,2026-02-13T14:18:12.749Z,2026-02-13T14:51:08.574Z,60,Single Leg Glute Bridge,None,12,0,,,Done,false,,,"Gluteals,Hamstrings",2 sets each leg
Friday,2026-02-13T14:18:12.749Z,2026-02-13T14:51:08.574Z,60,Single Leg Glute Bridge,None,12,0,,,Done,false,,,"Gluteals,Hamstrings",2 sets each leg
Friday,2026-02-13T14:18:12.749Z,2026-02-13T14:51:08.574Z,60,Single Leg Glute Bridge,None,12,0,,,Done,false,,,"Gluteals,Hamstrings",2 sets each leg
Friday,2026-02-13T14:18:12.749Z,2026-02-13T14:51:08.574Z,60,Farmer's Walk,None,3,20,,,Done,false,,,"Forearms,Abdominals (Lower),Gluteals,Hamstrings,Back (Lower),Quadriceps,Trapezius",
Friday,2026-02-13T14:18:12.749Z,2026-02-13T14:51:08.574Z,60,Farmer's Walk,None,3,20,,,Done,false,,,"Forearms,Abdominals (Lower),Gluteals,Hamstrings,Back (Lower),Quadriceps,Trapezius",
Monday,2026-02-16T16:43:27.262Z,2026-02-16T17:59:18.066Z,60,Band Assisted Pull-Up,None,12,57.5,,,Done,false,,,"Lats,Abdominals (Lower),Forearms",
Monday,2026-02-16T16:43:27.262Z,2026-02-16T17:59:18.066Z,60,Band Assisted Pull-Up,None,12,57.5,,,Done,false,,,"Lats,Abdominals (Lower),Forearms",
Monday,2026-02-16T16:43:27.262Z,2026-02-16T17:59:18.066Z,60,Band Assisted Pull-Up,None,8,50,,,Done,false,,,"Lats,Abdominals (Lower),Forearms",
Monday,2026-02-16T16:43:27.262Z,2026-02-16T17:59:18.066Z,60,Band Assisted Pull-Up,None,8,50,,,Done,false,,,"Lats,Abdominals (Lower),Forearms",
Monday,2026-02-16T16:43:27.262Z,2026-02-16T17:59:18.066Z,60,Dumbbell Bench Press,Dumbbell,8,9,,,Done,false,,,"Chest,Trapezius,Triceps",
Monday,2026-02-16T16:43:27.262Z,2026-02-16T17:59:18.066Z,60,Dumbbell Bench Press,Dumbbell,8,9,,,Done,false,,,"Chest,Trapezius,Triceps",
Monday,2026-02-16T16:43:27.262Z,2026-02-16T17:59:18.066Z,60,Dumbbell Bench Press,Dumbbell,8,9,,,Done,false,,,"Chest,Trapezius,Triceps",
Monday,2026-02-16T16:43:27.262Z,2026-02-16T17:59:18.066Z,60,Dumbbell Bench Press,Dumbbell,9,9,,,Done,false,,,"Chest,Trapezius,Triceps",
Monday,2026-02-16T16:43:27.262Z,2026-02-16T17:59:18.066Z,60,Bent-over Row,Dumbbell,12,12.5,,,Done,false,,,"Trapezius,Back (Lower),Deltoids",3 sets each arm
Monday,2026-02-16T16:43:27.262Z,2026-02-16T17:59:18.066Z,60,Bent-over Row,Dumbbell,12,12.5,,,Done,false,,,"Trapezius,Back (Lower),Deltoids",3 sets each arm
Monday,2026-02-16T16:43:27.262Z,2026-02-16T17:59:18.066Z,60,Bent-over Row,Dumbbell,12,12.5,,,Done,false,,,"Trapezius,Back (Lower),Deltoids",3 sets each arm
Monday,2026-02-16T16:43:27.262Z,2026-02-16T17:59:18.066Z,60,Bent-over Row,Dumbbell,12,12.5,,,Done,false,,,"Trapezius,Back (Lower),Deltoids",3 sets each arm
Monday,2026-02-16T16:43:27.262Z,2026-02-16T17:59:18.066Z,60,Bent-over Row,Dumbbell,12,12.5,,,Done,false,,,"Trapezius,Back (Lower),Deltoids",3 sets each arm
Monday,2026-02-16T16:43:27.262Z,2026-02-16T17:59:18.066Z,60,Bent-over Row,Dumbbell,12,12.5,,,Done,false,,,"Trapezius,Back (Lower),Deltoids",3 sets each arm
Monday,2026-02-16T16:43:27.262Z,2026-02-16T17:59:18.066Z,60,Dumbbell Shoulder Press,Dumbbell,12,5,,,Done,false,,,"Trapezius,Triceps",
Monday,2026-02-16T16:43:27.262Z,2026-02-16T17:59:18.066Z,60,Dumbbell Shoulder Press,Dumbbell,12,5,,,Done,false,,,"Trapezius,Triceps",
Monday,2026-02-16T16:43:27.262Z,2026-02-16T17:59:18.066Z,60,Dumbbell Shoulder Press,Dumbbell,12,5,,,Done,false,,,"Trapezius,Triceps",
Monday,2026-02-16T16:43:27.262Z,2026-02-16T17:59:18.066Z,60,Standing Cable Wood Chop,Machine,12,15,,,Done,false,,,"Abdominals (Lower),Trapezius",
Monday,2026-02-16T16:43:27.262Z,2026-02-16T17:59:18.066Z,60,Standing Cable Wood Chop,Machine,12,15,,,Done,false,,,"Abdominals (Lower),Trapezius",
Monday,2026-02-16T16:43:27.262Z,2026-02-16T17:59:18.066Z,60,Standing Cable Wood Chop,Machine,12,20,,,Done,false,,,"Abdominals (Lower),Trapezius",
Monday,2026-02-16T16:43:27.262Z,2026-02-16T17:59:18.066Z,60,Standing Cable Wood Chop,Machine,12,20,,,Done,false,,,"Abdominals (Lower),Trapezius",
Monday,2026-02-16T16:43:27.262Z,2026-02-16T17:59:18.066Z,60,Lateral Raise,Dumbbell,12,2,,,Done,false,,,"Deltoids,Obliques",
Monday,2026-02-16T16:43:27.262Z,2026-02-16T17:59:18.066Z,60,Lateral Raise,Dumbbell,12,2,,,Done,false,,,"Deltoids,Obliques",
Monday,2026-02-16T16:43:27.262Z,2026-02-16T17:59:18.066Z,60,Face Pull,Machine,12,20,,,Done,false,,,"Trapezius",
Monday,2026-02-16T16:43:27.262Z,2026-02-16T17:59:18.066Z,60,Face Pull,Machine,12,20,,,Done,false,,,"Trapezius",
Monday,2026-02-16T16:43:27.262Z,2026-02-16T17:59:18.066Z,60,Dead Bug,None,16,0,,,Done,false,,,"Abdominals (Lower)",2 sets each side
Monday,2026-02-16T16:43:27.262Z,2026-02-16T17:59:18.066Z,60,Dead Bug,None,16,0,,,Done,false,,,"Abdominals (Lower)",2 sets each side
Monday,2026-02-16T16:43:27.262Z,2026-02-16T17:59:18.066Z,60,Side Bridge,None,1,30,,,Done,false,,,"Abdominals (Lower),Trapezius",
Monday,2026-02-16T16:43:27.262Z,2026-02-16T17:59:18.066Z,60,Side Bridge,None,1,30,,,Done,false,,,"Abdominals (Lower),Trapezius",
Monday,2026-02-16T16:43:27.262Z,2026-02-16T17:59:18.066Z,60,Side Bridge,None,1,30,,,Done,false,,,"Abdominals (Lower),Trapezius",
Monday,2026-02-16T16:43:27.262Z,2026-02-16T17:59:18.066Z,60,Side Bridge,None,1,30,,,Done,false,,,"Abdominals (Lower),Trapezius",
Thursday,2026-02-19T16:39:56.948Z,2026-02-19T18:00:06.110Z,60,Leg Press,None,8,50,,,Done,false,,,"Gluteals,Hamstrings,Quadriceps,Calves",
Thursday,2026-02-19T16:39:56.948Z,2026-02-19T18:00:06.110Z,60,Leg Press,None,10,50,,,Done,false,,,"Gluteals,Hamstrings,Quadriceps,Calves",
Thursday,2026-02-19T16:39:56.948Z,2026-02-19T18:00:06.110Z,60,Leg Press,None,8,50,,,Done,false,,,"Gluteals,Hamstrings,Quadriceps,Calves",
Thursday,2026-02-19T16:39:56.948Z,2026-02-19T18:00:06.110Z,60,Barbell Deadlift,Barbell,8,45,,,Done,false,,,"Back (Lower),Calves,Forearms,Gluteals,Hamstrings,Lats,Quadriceps,Trapezius",
Thursday,2026-02-19T16:39:56.948Z,2026-02-19T18:00:06.110Z,60,Barbell Deadlift,Barbell,8,45,,,Done,false,,,"Back (Lower),Calves,Forearms,Gluteals,Hamstrings,Lats,Quadriceps,Trapezius",
Thursday,2026-02-19T16:39:56.948Z,2026-02-19T18:00:06.110Z,60,Barbell Deadlift,Barbell,8,45,,,Done,false,,,"Back (Lower),Calves,Forearms,Gluteals,Hamstrings,Lats,Quadriceps,Trapezius",
Thursday,2026-02-19T16:39:56.948Z,2026-02-19T18:00:06.110Z,60,Barbell Deadlift,Barbell,6,55,,,Done,false,,,"Back (Lower),Calves,Forearms,Gluteals,Hamstrings,Lats,Quadriceps,Trapezius",
Thursday,2026-02-19T16:39:56.948Z,2026-02-19T18:00:06.110Z,60,Barbell Hip Thrust,Barbell,10,20,,,Done,false,,,"Gluteals,Calves,Hamstrings",
Thursday,2026-02-19T16:39:56.948Z,2026-02-19T18:00:06.110Z,60,Barbell Hip Thrust,Barbell,10,20,,,Done,false,,,"Gluteals,Calves,Hamstrings",
Thursday,2026-02-19T16:39:56.948Z,2026-02-19T18:00:06.110Z,60,Barbell Hip Thrust,Barbell,10,20,,,Done,false,,,"Gluteals,Calves,Hamstrings",
Thursday,2026-02-19T16:39:56.948Z,2026-02-19T18:00:06.110Z,60,Seated Leg Curl,Machine,12,50,,,Done,false,,,"Hamstrings",
Thursday,2026-02-19T16:39:56.948Z,2026-02-19T18:00:06.110Z,60,Seated Leg Curl,Machine,10,50,,,Done,false,,,"Hamstrings",
Thursday,2026-02-19T16:39:56.948Z,2026-02-19T18:00:06.110Z,60,Seated Leg Curl,Machine,8,50,,,Done,false,,,"Hamstrings",
Thursday,2026-02-19T16:39:56.948Z,2026-02-19T18:00:06.110Z,60,Single-Leg Leg Extension,Machine,10,15,,,Done,false,,,"Quadriceps",2 sets each leg
Thursday,2026-02-19T16:39:56.948Z,2026-02-19T18:00:06.110Z,60,Single-Leg Leg Extension,Machine,10,20,,,Done,false,,,"Quadriceps",2 sets each leg
Thursday,2026-02-19T16:39:56.948Z,2026-02-19T18:00:06.110Z,60,Single-Leg Leg Extension,Machine,10,15,,,Done,false,,,"Quadriceps",2 sets each leg
Thursday,2026-02-19T16:39:56.948Z,2026-02-19T18:00:06.110Z,60,Single-Leg Leg Extension,Machine,10,20,,,Done,false,,,"Quadriceps",2 sets each leg
Thursday,2026-02-19T16:39:56.948Z,2026-02-19T18:00:06.110Z,60,Standing Calf Raise,Dumbbell,12,0,,,Done,false,,,"Calves",
Thursday,2026-02-19T16:39:56.948Z,2026-02-19T18:00:06.110Z,60,Standing Calf Raise,Dumbbell,12,0,,,Done,false,,,"Calves",
Thursday,2026-02-19T16:39:56.948Z,2026-02-19T18:00:06.110Z,60,Standing Calf Raise,Dumbbell,12,0,,,Done,false,,,"Calves",
Thursday,2026-02-19T16:39:56.948Z,2026-02-19T18:00:06.110Z,60,Standing Calf Raise,Dumbbell,12,0,,,Done,false,,,"Calves",
Thursday,2026-02-19T16:39:56.948Z,2026-02-19T18:00:06.110Z,60,Thigh Adductor,Machine,12,30,,,Done,false,,,"Adductors,Gluteals,Hamstrings",
Thursday,2026-02-19T16:39:56.948Z,2026-02-19T18:00:06.110Z,60,Thigh Adductor,Machine,12,30,,,Done,false,,,"Adductors,Gluteals,Hamstrings",
Thursday,2026-02-19T16:39:56.948Z,2026-02-19T18:00:06.110Z,60,Thigh Abductor,Machine,12,20,,,Done,false,,,"Abductors,Gluteals",
Thursday,2026-02-19T16:39:56.948Z,2026-02-19T18:00:06.110Z,60,Thigh Abductor,Machine,12,20,,,Done,false,,,"Abductors,Gluteals",
Monday,2026-02-23T17:32:56.596Z,2026-02-23T18:31:57.938Z,60,Band Assisted Pull-Up,None,12,52.5,,,Done,false,,,"Lats,Abdominals (Lower),Forearms",
Monday,2026-02-23T17:32:56.596Z,2026-02-23T18:31:57.938Z,60,Band Assisted Pull-Up,None,12,52.5,,,Done,false,,,"Lats,Abdominals (Lower),Forearms",
Monday,2026-02-23T17:32:56.596Z,2026-02-23T18:31:57.938Z,60,Band Assisted Pull-Up,None,12,50,,,Done,false,,,"Lats,Abdominals (Lower),Forearms",
Monday,2026-02-23T17:32:56.596Z,2026-02-23T18:31:57.938Z,60,Band Assisted Pull-Up,None,8,50,,,Done,false,,,"Lats,Abdominals (Lower),Forearms",
Monday,2026-02-23T17:32:56.596Z,2026-02-23T18:31:57.938Z,60,Dumbbell Bench Press,Dumbbell,12,9,,,Done,false,,,"Chest,Trapezius,Triceps",
Monday,2026-02-23T17:32:56.596Z,2026-02-23T18:31:57.938Z,60,Dumbbell Bench Press,Dumbbell,12,9,,,Done,false,,,"Chest,Trapezius,Triceps",
Monday,2026-02-23T17:32:56.596Z,2026-02-23T18:31:57.938Z,60,Dumbbell Bench Press,Dumbbell,9,10,,,Done,false,,,"Chest,Trapezius,Triceps",
Monday,2026-02-23T17:32:56.596Z,2026-02-23T18:31:57.938Z,60,Bent-over Row,Dumbbell,12,12.5,,,Done,false,,,"Trapezius,Back (Lower),Deltoids",3 sets each arm
Monday,2026-02-23T17:32:56.596Z,2026-02-23T18:31:57.938Z,60,Bent-over Row,Dumbbell,12,12.5,,,Done,false,,,"Trapezius,Back (Lower),Deltoids",3 sets each arm
Monday,2026-02-23T17:32:56.596Z,2026-02-23T18:31:57.938Z,60,Bent-over Row,Dumbbell,12,12.5,,,Done,false,,,"Trapezius,Back (Lower),Deltoids",3 sets each arm
Monday,2026-02-23T17:32:56.596Z,2026-02-23T18:31:57.938Z,60,Bent-over Row,Dumbbell,12,12.5,,,Done,false,,,"Trapezius,Back (Lower),Deltoids",3 sets each arm
Monday,2026-02-23T17:32:56.596Z,2026-02-23T18:31:57.938Z,60,Bent-over Row,Dumbbell,12,12.5,,,Done,false,,,"Trapezius,Back (Lower),Deltoids",3 sets each arm
Monday,2026-02-23T17:32:56.596Z,2026-02-23T18:31:57.938Z,60,Bent-over Row,Dumbbell,12,12.5,,,Done,false,,,"Trapezius,Back (Lower),Deltoids",3 sets each arm
Monday,2026-02-23T17:32:56.596Z,2026-02-23T18:31:57.938Z,60,Dumbbell Shoulder Press,Dumbbell,10,6,,,Done,false,,,"Trapezius,Triceps",
Monday,2026-02-23T17:32:56.596Z,2026-02-23T18:31:57.938Z,60,Dumbbell Shoulder Press,Dumbbell,9,6,,,Done,false,,,"Trapezius,Triceps",
Monday,2026-02-23T17:32:56.596Z,2026-02-23T18:31:57.938Z,60,Dumbbell Shoulder Press,Dumbbell,8,6,,,Done,false,,,"Trapezius,Triceps",
Monday,2026-02-23T17:32:56.596Z,2026-02-23T18:31:57.938Z,60,Standing Cable Wood Chop,Machine,10,20,,,Done,false,,,"Abdominals (Lower),Trapezius",
Monday,2026-02-23T17:32:56.596Z,2026-02-23T18:31:57.938Z,60,Standing Cable Wood Chop,Machine,10,20,,,Done,false,,,"Abdominals (Lower),Trapezius",
Monday,2026-02-23T17:32:56.596Z,2026-02-23T18:31:57.938Z,60,Standing Cable Wood Chop,Machine,10,20,,,Done,false,,,"Abdominals (Lower),Trapezius",
Monday,2026-02-23T17:32:56.596Z,2026-02-23T18:31:57.938Z,60,Lateral Raise,Dumbbell,8,3,,,Done,false,,,"Deltoids,Obliques",
Monday,2026-02-23T17:32:56.596Z,2026-02-23T18:31:57.938Z,60,Lateral Raise,Dumbbell,8,3,,,Done,false,,,"Deltoids,Obliques",
Monday,2026-02-23T17:32:56.596Z,2026-02-23T18:31:57.938Z,60,Lateral Raise,Dumbbell,8,3,,,Done,false,,,"Deltoids,Obliques",
Monday,2026-02-23T17:32:56.596Z,2026-02-23T18:31:57.938Z,60,Face Pull,Machine,12,20,,,Done,false,,,"Trapezius",
Monday,2026-02-23T17:32:56.596Z,2026-02-23T18:31:57.938Z,60,Face Pull,Machine,12,20,,,Done,false,,,"Trapezius",
Thursday,2026-02-26T16:37:04.924Z,2026-02-26T17:54:45.646Z,60,Leg Press,None,8,50,,,Done,false,,,"Gluteals,Hamstrings,Quadriceps,Calves",
Thursday,2026-02-26T16:37:04.924Z,2026-02-26T17:54:45.646Z,60,Leg Press,None,8,50,,,Done,false,,,"Gluteals,Hamstrings,Quadriceps,Calves",
Thursday,2026-02-26T16:37:04.924Z,2026-02-26T17:54:45.646Z,60,Leg Press,None,8,50,,,Done,false,,,"Gluteals,Hamstrings,Quadriceps,Calves",
Thursday,2026-02-26T16:37:04.924Z,2026-02-26T17:54:45.646Z,60,Barbell Deadlift,Barbell,8,45,,,Done,false,,,"Back (Lower),Calves,Forearms,Gluteals,Hamstrings,Lats,Quadriceps,Trapezius",
Thursday,2026-02-26T16:37:04.924Z,2026-02-26T17:54:45.646Z,60,Barbell Deadlift,Barbell,8,45,,,Done,false,,,"Back (Lower),Calves,Forearms,Gluteals,Hamstrings,Lats,Quadriceps,Trapezius",
Thursday,2026-02-26T16:37:04.924Z,2026-02-26T17:54:45.646Z,60,Barbell Deadlift,Barbell,8,45,,,Done,false,,,"Back (Lower),Calves,Forearms,Gluteals,Hamstrings,Lats,Quadriceps,Trapezius",
Thursday,2026-02-26T16:37:04.924Z,2026-02-26T17:54:45.646Z,60,Barbell Deadlift,Barbell,6,55,,,Failed,false,,,"Back (Lower),Calves,Forearms,Gluteals,Hamstrings,Lats,Quadriceps,Trapezius",
Thursday,2026-02-26T16:37:04.924Z,2026-02-26T17:54:45.646Z,60,Glute Ham Raise,Machine,12,12,,,Done,false,,,"Hamstrings,Calves,Gluteals",
Thursday,2026-02-26T16:37:04.924Z,2026-02-26T17:54:45.646Z,60,Glute Ham Raise,Machine,12,12,,,Done,false,,,"Hamstrings,Calves,Gluteals",
Thursday,2026-02-26T16:37:04.924Z,2026-02-26T17:54:45.646Z,60,Glute Ham Raise,Machine,12,0,,,Done,false,,,"Hamstrings,Calves,Gluteals",
Thursday,2026-02-26T16:37:04.924Z,2026-02-26T17:54:45.646Z,60,Seated Leg Curl,Machine,12,50,,,Done,false,,,"Hamstrings",
Thursday,2026-02-26T16:37:04.924Z,2026-02-26T17:54:45.646Z,60,Seated Leg Curl,Machine,8,50,,,Done,false,,,"Hamstrings",
Thursday,2026-02-26T16:37:04.924Z,2026-02-26T17:54:45.646Z,60,Seated Leg Curl,Machine,6,50,,,Done,false,,,"Hamstrings",
Thursday,2026-02-26T16:37:04.924Z,2026-02-26T17:54:45.646Z,60,Single-Leg Leg Extension,Machine,10,15,,,Done,false,,,"Quadriceps",2 sets each leg
Thursday,2026-02-26T16:37:04.924Z,2026-02-26T17:54:45.646Z,60,Single-Leg Leg Extension,Machine,10,15,,,Done,false,,,"Quadriceps",2 sets each leg
Thursday,2026-02-26T16:37:04.924Z,2026-02-26T17:54:45.646Z,60,Single-Leg Leg Extension,Machine,10,15,,,Done,false,,,"Quadriceps",2 sets each leg
Thursday,2026-02-26T16:37:04.924Z,2026-02-26T17:54:45.646Z,60,Single-Leg Leg Extension,Machine,10,15,,,Done,false,,,"Quadriceps",2 sets each leg
Thursday,2026-02-26T16:37:04.924Z,2026-02-26T17:54:45.646Z,60,Standing Calf Raise,Dumbbell,12,25,,,Done,false,,,"Calves",
Thursday,2026-02-26T16:37:04.924Z,2026-02-26T17:54:45.646Z,60,Standing Calf Raise,Dumbbell,12,25,,,Done,false,,,"Calves",
Thursday,2026-02-26T16:37:04.924Z,2026-02-26T17:54:45.646Z,60,Standing Calf Raise,Dumbbell,12,12.5,,,Done,false,,,"Calves",
Thursday,2026-02-26T16:37:04.924Z,2026-02-26T17:54:45.646Z,60,Standing Calf Raise,Dumbbell,12,12.5,,,Done,false,,,"Calves",
Thursday,2026-02-26T16:37:04.924Z,2026-02-26T17:54:45.646Z,60,Thigh Adductor,Machine,12,20,,,Done,false,,,"Adductors,Gluteals,Hamstrings",
Thursday,2026-02-26T16:37:04.924Z,2026-02-26T17:54:45.646Z,60,Thigh Adductor,Machine,12,25,,,Done,false,,,"Adductors,Gluteals,Hamstrings",
Thursday,2026-02-26T16:37:04.924Z,2026-02-26T17:54:45.646Z,60,Thigh Adductor,Machine,12,25,,,Done,false,,,"Adductors,Gluteals,Hamstrings",
Thursday,2026-02-26T16:37:04.924Z,2026-02-26T17:54:45.646Z,60,Thigh Abductor,Machine,12,30,,,Done,false,,,"Abductors,Gluteals",
Thursday,2026-02-26T16:37:04.924Z,2026-02-26T17:54:45.646Z,60,Thigh Abductor,Machine,12,40,,,Done,false,,,"Abductors,Gluteals",
Thursday,2026-02-26T16:37:04.924Z,2026-02-26T17:54:45.646Z,60,Thigh Abductor,Machine,12,40,,,Done,false,,,"Abductors,Gluteals",
Friday,2026-02-27T09:54:46.346Z,2026-02-27T10:52:28.624Z,60,Wide-Grip Lat Pulldown,Machine,8,30,,,Done,false,,,"Lats,Biceps,Trapezius",
Friday,2026-02-27T09:54:46.346Z,2026-02-27T10:52:28.624Z,60,Wide-Grip Lat Pulldown,Machine,8,30,,,Done,false,,,"Lats,Biceps,Trapezius",
Friday,2026-02-27T09:54:46.346Z,2026-02-27T10:52:28.624Z,60,Wide-Grip Lat Pulldown,Machine,8,30,,,Done,false,,,"Lats,Biceps,Trapezius",
Friday,2026-02-27T09:54:46.346Z,2026-02-27T10:52:28.624Z,60,Seated Cable Rows,Machine,8,30,,,Done,false,,,"Biceps,Lats,Trapezius",
Friday,2026-02-27T09:54:46.346Z,2026-02-27T10:52:28.624Z,60,Seated Cable Rows,Machine,8,30,,,Done,false,,,"Biceps,Lats,Trapezius",
Friday,2026-02-27T09:54:46.346Z,2026-02-27T10:52:28.624Z,60,Seated Cable Rows,Machine,8,30,,,Done,false,,,"Biceps,Lats,Trapezius",
Friday,2026-02-27T09:54:46.346Z,2026-02-27T10:52:28.624Z,60,Incline Dumbbell Press,Dumbbell,12,7.5,,,Done,false,,,"Chest,Trapezius,Triceps",
Friday,2026-02-27T09:54:46.346Z,2026-02-27T10:52:28.624Z,60,Incline Dumbbell Press,Dumbbell,12,7.5,,,Done,false,,,"Chest,Trapezius,Triceps",
Friday,2026-02-27T09:54:46.346Z,2026-02-27T10:52:28.624Z,60,Incline Dumbbell Press,Dumbbell,12,8,,,Done,false,,,"Chest,Trapezius,Triceps",
Friday,2026-02-27T09:54:46.346Z,2026-02-27T10:52:28.624Z,60,Lying Rear Delt Raise,Dumbbell,12,2,,,Done,false,,,"Trapezius",
Friday,2026-02-27T09:54:46.346Z,2026-02-27T10:52:28.624Z,60,Lying Rear Delt Raise,Dumbbell,8,2,,,Done,false,,,"Trapezius",
Friday,2026-02-27T09:54:46.346Z,2026-02-27T10:52:28.624Z,60,Lying Rear Delt Raise,Dumbbell,12,1,,,Done,false,,,"Trapezius",
Friday,2026-02-27T09:54:46.346Z,2026-02-27T10:52:28.624Z,60,Dumbbell Alternate Bicep Curl,Dumbbell,12,5,,,Done,false,,,"Biceps,Forearms",
Friday,2026-02-27T09:54:46.346Z,2026-02-27T10:52:28.624Z,60,Dumbbell Alternate Bicep Curl,Dumbbell,12,5,,,Done,false,,,"Biceps,Forearms",
Friday,2026-02-27T09:54:46.346Z,2026-02-27T10:52:28.624Z,60,Triceps Pushdown - Rope Attachment,Machine,8,20,,,Done,false,,,"Triceps",
Friday,2026-02-27T09:54:46.346Z,2026-02-27T10:52:28.624Z,60,Triceps Pushdown - Rope Attachment,Machine,12,15,,,Done,false,,,"Triceps",
Friday,2026-02-27T09:54:46.346Z,2026-02-27T10:52:28.624Z,60,External Rotation with Cable,Machine,12,5,,,Done,false,,,"Trapezius",
Friday,2026-02-27T09:54:46.346Z,2026-02-27T10:52:28.624Z,60,External Rotation with Cable,Machine,8,5,,,Done,false,,,"Trapezius",
Friday,2026-02-27T09:54:46.346Z,2026-02-27T10:52:28.624Z,60,Cable Internal Rotation,Machine,12,5,,,Done,false,,,"Trapezius",
Friday,2026-02-27T09:54:46.346Z,2026-02-27T10:52:28.624Z,60,Cable Internal Rotation,Machine,12,5,,,Done,false,,,"Trapezius",
Friday,2026-02-27T09:54:46.346Z,2026-02-27T10:52:28.624Z,60,Farmer's Walk,None,4,20,,,Done,false,,,"Forearms,Abdominals (Lower),Gluteals,Hamstrings,Back (Lower),Quadriceps,Trapezius",
Friday,2026-02-27T09:54:46.346Z,2026-02-27T10:52:28.624Z,60,Farmer's Walk,None,4,20,,,Done,false,,,"Forearms,Abdominals (Lower),Gluteals,Hamstrings,Back (Lower),Quadriceps,Trapezius",
Monday,2026-03-02T16:59:03.694Z,2026-03-02T18:05:38.910Z,60,Band Assisted Pull-Up,None,12,52.5,,,Done,false,,,"Lats,Abdominals (Lower),Forearms",
Monday,2026-03-02T16:59:03.694Z,2026-03-02T18:05:38.910Z,60,Band Assisted Pull-Up,None,12,52.5,,,Done,false,,,"Lats,Abdominals (Lower),Forearms",
Monday,2026-03-02T16:59:03.694Z,2026-03-02T18:05:38.910Z,60,Band Assisted Pull-Up,None,12,52.5,,,Done,false,,,"Lats,Abdominals (Lower),Forearms",
Monday,2026-03-02T16:59:03.694Z,2026-03-02T18:05:38.910Z,60,Band Assisted Pull-Up,None,8,50,,,Done,false,,,"Lats,Abdominals (Lower),Forearms",
Monday,2026-03-02T16:59:03.694Z,2026-03-02T18:05:38.910Z,60,Dumbbell Bench Press,Dumbbell,10,10,,,Done,false,,,"Chest,Trapezius,Triceps",
Monday,2026-03-02T16:59:03.694Z,2026-03-02T18:05:38.910Z,60,Dumbbell Bench Press,Dumbbell,8,10,,,Done,false,,,"Chest,Trapezius,Triceps",
Monday,2026-03-02T16:59:03.694Z,2026-03-02T18:05:38.910Z,60,Dumbbell Bench Press,Dumbbell,8,10,,,Done,false,,,"Chest,Trapezius,Triceps",
Monday,2026-03-02T16:59:03.694Z,2026-03-02T18:05:38.910Z,60,Dumbbell Bench Press,Dumbbell,8,10,,,Done,false,,,"Chest,Trapezius,Triceps",
Monday,2026-03-02T16:59:03.694Z,2026-03-02T18:05:38.910Z,60,Bent-over Row,Dumbbell,8,15,,,Done,false,,,"Trapezius,Back (Lower),Deltoids",3 sets each arm
Monday,2026-03-02T16:59:03.694Z,2026-03-02T18:05:38.910Z,60,Bent-over Row,Dumbbell,8,15,,,Done,false,,,"Trapezius,Back (Lower),Deltoids",3 sets each arm
Monday,2026-03-02T16:59:03.694Z,2026-03-02T18:05:38.910Z,60,Bent-over Row,Dumbbell,12,12.5,,,Done,false,,,"Trapezius,Back (Lower),Deltoids",3 sets each arm
Monday,2026-03-02T16:59:03.694Z,2026-03-02T18:05:38.910Z,60,Bent-over Row,Dumbbell,12,12.5,,,Done,false,,,"Trapezius,Back (Lower),Deltoids",3 sets each arm
Monday,2026-03-02T16:59:03.694Z,2026-03-02T18:05:38.910Z,60,Bent-over Row,Dumbbell,10,12.5,,,Done,false,,,"Trapezius,Back (Lower),Deltoids",3 sets each arm
Monday,2026-03-02T16:59:03.694Z,2026-03-02T18:05:38.910Z,60,Bent-over Row,Dumbbell,10,12.5,,,Done,false,,,"Trapezius,Back (Lower),Deltoids",3 sets each arm
Monday,2026-03-02T16:59:03.694Z,2026-03-02T18:05:38.910Z,60,Dumbbell Shoulder Press,Dumbbell,10,6,,,Done,false,,,"Trapezius,Triceps",
Monday,2026-03-02T16:59:03.694Z,2026-03-02T18:05:38.910Z,60,Dumbbell Shoulder Press,Dumbbell,10,6,,,Done,false,,,"Trapezius,Triceps",
Monday,2026-03-02T16:59:03.694Z,2026-03-02T18:05:38.910Z,60,Dumbbell Shoulder Press,Dumbbell,12,6,,,Done,false,,,"Trapezius,Triceps",
Monday,2026-03-02T16:59:03.694Z,2026-03-02T18:05:38.910Z,60,Standing Cable Wood Chop,Machine,12,20,,,Done,false,,,"Abdominals (Lower),Trapezius",
Monday,2026-03-02T16:59:03.694Z,2026-03-02T18:05:38.910Z,60,Standing Cable Wood Chop,Machine,12,20,,,Done,false,,,"Abdominals (Lower),Trapezius",
Monday,2026-03-02T16:59:03.694Z,2026-03-02T18:05:38.910Z,60,Standing Cable Wood Chop,Machine,12,20,,,Done,false,,,"Abdominals (Lower),Trapezius",
Monday,2026-03-02T16:59:03.694Z,2026-03-02T18:05:38.910Z,60,Standing Cable Wood Chop,Machine,12,20,,,Done,false,,,"Abdominals (Lower),Trapezius",
Monday,2026-03-02T16:59:03.694Z,2026-03-02T18:05:38.910Z,60,Lateral Raise,Dumbbell,12,2,,,Done,false,,,"Deltoids,Obliques",
Monday,2026-03-02T16:59:03.694Z,2026-03-02T18:05:38.910Z,60,Lateral Raise,Dumbbell,12,2,,,Done,false,,,"Deltoids,Obliques",
Monday,2026-03-02T16:59:03.694Z,2026-03-02T18:05:38.910Z,60,Lateral Raise,Dumbbell,8,2,,,Done,false,,,"Deltoids,Obliques",
Monday,2026-03-02T16:59:03.694Z,2026-03-02T18:05:38.910Z,60,Face Pull,Machine,8,25,,,Done,false,,,"Trapezius",
Monday,2026-03-02T16:59:03.694Z,2026-03-02T18:05:38.910Z,60,Face Pull,Machine,8,25,,,Done,false,,,"Trapezius",
Thursday,2026-03-05T16:37:45.653Z,2026-03-05T17:44:25.622Z,60,Leg Press,None,8,50,,,Done,false,,,"Gluteals,Hamstrings,Quadriceps,Calves",
Thursday,2026-03-05T16:37:45.653Z,2026-03-05T17:44:25.622Z,60,Leg Press,None,8,50,,,Done,false,,,"Gluteals,Hamstrings,Quadriceps,Calves",
Thursday,2026-03-05T16:37:45.653Z,2026-03-05T17:44:25.622Z,60,Leg Press,None,8,55,,,Done,false,,,"Gluteals,Hamstrings,Quadriceps,Calves",
Thursday,2026-03-05T16:37:45.653Z,2026-03-05T17:44:25.622Z,60,Barbell Deadlift,Barbell,8,45,,,Done,false,,,"Back (Lower),Calves,Forearms,Gluteals,Hamstrings,Lats,Quadriceps,Trapezius",
Thursday,2026-03-05T16:37:45.653Z,2026-03-05T17:44:25.622Z,60,Barbell Deadlift,Barbell,8,45,,,Done,false,,,"Back (Lower),Calves,Forearms,Gluteals,Hamstrings,Lats,Quadriceps,Trapezius",
Thursday,2026-03-05T16:37:45.653Z,2026-03-05T17:44:25.622Z,60,Barbell Deadlift,Barbell,6,55,,,Done,false,,,"Back (Lower),Calves,Forearms,Gluteals,Hamstrings,Lats,Quadriceps,Trapezius",
Thursday,2026-03-05T16:37:45.653Z,2026-03-05T17:44:25.622Z,60,Barbell Deadlift,Barbell,4,55,,,Done,false,,,"Back (Lower),Calves,Forearms,Gluteals,Hamstrings,Lats,Quadriceps,Trapezius",
Thursday,2026-03-05T16:37:45.653Z,2026-03-05T17:44:25.622Z,60,Barbell Hip Thrust,Barbell,8,20,,,Done,false,,,"Gluteals,Calves,Hamstrings",
Thursday,2026-03-05T16:37:45.653Z,2026-03-05T17:44:25.622Z,60,Barbell Hip Thrust,Barbell,8,20,,,Done,false,,,"Gluteals,Calves,Hamstrings",
Thursday,2026-03-05T16:37:45.653Z,2026-03-05T17:44:25.622Z,60,Barbell Hip Thrust,Barbell,8,20,,,Done,false,,,"Gluteals,Calves,Hamstrings",
Thursday,2026-03-05T16:37:45.653Z,2026-03-05T17:44:25.622Z,60,Seated Leg Curl,Machine,10,50,,,Done,false,,,"Hamstrings",
Thursday,2026-03-05T16:37:45.653Z,2026-03-05T17:44:25.622Z,60,Seated Leg Curl,Machine,9,50,,,Done,false,,,"Hamstrings",
Thursday,2026-03-05T16:37:45.653Z,2026-03-05T17:44:25.622Z,60,Seated Leg Curl,Machine,9,50,,,Done,false,,,"Hamstrings",
Thursday,2026-03-05T16:37:45.653Z,2026-03-05T17:44:25.622Z,60,Single-Leg Leg Extension,Machine,8,20,,,Done,false,,,"Quadriceps",2 sets each leg
Thursday,2026-03-05T16:37:45.653Z,2026-03-05T17:44:25.622Z,60,Single-Leg Leg Extension,Machine,8,20,,,Done,false,,,"Quadriceps",2 sets each leg
Thursday,2026-03-05T16:37:45.653Z,2026-03-05T17:44:25.622Z,60,Single-Leg Leg Extension,Machine,8,20,,,Done,false,,,"Quadriceps",2 sets each leg
Thursday,2026-03-05T16:37:45.653Z,2026-03-05T17:44:25.622Z,60,Single-Leg Leg Extension,Machine,8,20,,,Done,false,,,"Quadriceps",2 sets each leg
Thursday,2026-03-05T16:37:45.653Z,2026-03-05T17:44:25.622Z,60,Standing Calf Raise,Dumbbell,12,25,,,Done,false,,,"Calves",
Thursday,2026-03-05T16:37:45.653Z,2026-03-05T17:44:25.622Z,60,Standing Calf Raise,Dumbbell,12,25,,,Done,false,,,"Calves",
Thursday,2026-03-05T16:37:45.653Z,2026-03-05T17:44:25.622Z,60,Standing Calf Raise,Dumbbell,12,12.5,,,Done,false,,,"Calves",
Thursday,2026-03-05T16:37:45.653Z,2026-03-05T17:44:25.622Z,60,Standing Calf Raise,Dumbbell,12,12.5,,,Done,false,,,"Calves",
Thursday,2026-03-05T16:37:45.653Z,2026-03-05T17:44:25.622Z,60,Thigh Adductor,Machine,12,25,,,Done,false,,,"Adductors,Gluteals,Hamstrings",
Thursday,2026-03-05T16:37:45.653Z,2026-03-05T17:44:25.622Z,60,Thigh Adductor,Machine,12,25,,,Done,false,,,"Adductors,Gluteals,Hamstrings",
Thursday,2026-03-05T16:37:45.653Z,2026-03-05T17:44:25.622Z,60,Thigh Abductor,Machine,12,25,,,Done,false,,,"Abductors,Gluteals",
Thursday,2026-03-05T16:37:45.653Z,2026-03-05T17:44:25.622Z,60,Thigh Abductor,Machine,12,40,,,Done,false,,,"Abductors,Gluteals",
Friday,2026-03-06T12:26:53.421Z,2026-03-06T13:39:05.007Z,60,Wide-Grip Lat Pulldown,Machine,10,30,,,Done,false,,,"Lats,Biceps,Trapezius",
Friday,2026-03-06T12:26:53.421Z,2026-03-06T13:39:05.007Z,60,Wide-Grip Lat Pulldown,Machine,8,30,,,Done,false,,,"Lats,Biceps,Trapezius",
Friday,2026-03-06T12:26:53.421Z,2026-03-06T13:39:05.007Z,60,Wide-Grip Lat Pulldown,Machine,8,30,,,Done,false,,,"Lats,Biceps,Trapezius",
Friday,2026-03-06T12:26:53.421Z,2026-03-06T13:39:05.007Z,60,Seated Cable Rows,Machine,10,30,,,Done,false,,,"Biceps,Lats,Trapezius",
Friday,2026-03-06T12:26:53.421Z,2026-03-06T13:39:05.007Z,60,Seated Cable Rows,Machine,8,30,,,Done,false,,,"Biceps,Lats,Trapezius",
Friday,2026-03-06T12:26:53.421Z,2026-03-06T13:39:05.007Z,60,Seated Cable Rows,Machine,8,30,,,Done,false,,,"Biceps,Lats,Trapezius",
Friday,2026-03-06T12:26:53.421Z,2026-03-06T13:39:05.007Z,60,Barbell Incline Bench Press - Medium Grip,Barbell,8,20,,,Done,false,,,"Chest,Trapezius,Triceps",
Friday,2026-03-06T12:26:53.421Z,2026-03-06T13:39:05.007Z,60,Barbell Incline Bench Press - Medium Grip,Barbell,8,20,,,Done,false,,,"Chest,Trapezius,Triceps",
Friday,2026-03-06T12:26:53.421Z,2026-03-06T13:39:05.007Z,60,Barbell Incline Bench Press - Medium Grip,Barbell,8,20,,,Done,false,,,"Chest,Trapezius,Triceps",
Friday,2026-03-06T12:26:53.421Z,2026-03-06T13:39:05.007Z,60,Lying Rear Delt Raise,Dumbbell,8,2,,,Done,false,,,"Trapezius",
Friday,2026-03-06T12:26:53.421Z,2026-03-06T13:39:05.007Z,60,Lying Rear Delt Raise,Dumbbell,8,2,,,Done,false,,,"Trapezius",
Friday,2026-03-06T12:26:53.421Z,2026-03-06T13:39:05.007Z,60,Lying Rear Delt Raise,Dumbbell,8,2,,,Done,false,,,"Trapezius",
Friday,2026-03-06T12:26:53.421Z,2026-03-06T13:39:05.007Z,60,Dumbbell Alternate Bicep Curl,Dumbbell,10,5,,,Done,false,,,"Biceps,Forearms",
Friday,2026-03-06T12:26:53.421Z,2026-03-06T13:39:05.007Z,60,Dumbbell Alternate Bicep Curl,Dumbbell,12,5,,,Done,false,,,"Biceps,Forearms",
Friday,2026-03-06T12:26:53.421Z,2026-03-06T13:39:05.007Z,60,Triceps Pushdown - Rope Attachment,Machine,10,15,,,Done,false,,,"Triceps",
Friday,2026-03-06T12:26:53.421Z,2026-03-06T13:39:05.007Z,60,Triceps Pushdown - Rope Attachment,Machine,12,15,,,Done,false,,,"Triceps",
Friday,2026-03-06T12:26:53.421Z,2026-03-06T13:39:05.007Z,60,Farmer's Walk,None,4,45,,,Done,false,,,"Forearms,Abdominals (Lower),Gluteals,Hamstrings,Back (Lower),Quadriceps,Trapezius",
Friday,2026-03-06T12:26:53.421Z,2026-03-06T13:39:05.007Z,60,Farmer's Walk,None,4,55,,,Done,false,,,"Forearms,Abdominals (Lower),Gluteals,Hamstrings,Back (Lower),Quadriceps,Trapezius",
Friday,2026-03-06T12:26:53.421Z,2026-03-06T13:39:05.007Z,60,Around The Worlds,Dumbbell,12,2,,,Done,false,,,"Chest,Trapezius",
Friday,2026-03-06T12:26:53.421Z,2026-03-06T13:39:05.007Z,60,Around The Worlds,Dumbbell,12,4,,,Done,false,,,"Chest,Trapezius",
Friday,2026-03-06T12:26:53.421Z,2026-03-06T13:39:05.007Z,60,Around The Worlds,Dumbbell,12,5,,,Done,false,,,"Chest,Trapezius",
Monday,2026-03-09T16:51:39.815Z,2026-03-09T18:07:45.459Z,60,Band Assisted Pull-Up,None,8,50,,,Done,false,,,"Lats,Abdominals (Lower),Forearms",
Monday,2026-03-09T16:51:39.815Z,2026-03-09T18:07:45.459Z,60,Band Assisted Pull-Up,None,8,50,,,Done,false,,,"Lats,Abdominals (Lower),Forearms",
Monday,2026-03-09T16:51:39.815Z,2026-03-09T18:07:45.459Z,60,Band Assisted Pull-Up,None,8,50,,,Done,false,,,"Lats,Abdominals (Lower),Forearms",
Monday,2026-03-09T16:51:39.815Z,2026-03-09T18:07:45.459Z,60,Band Assisted Pull-Up,None,12,50,,,Done,false,,,"Lats,Abdominals (Lower),Forearms",
Monday,2026-03-09T16:51:39.815Z,2026-03-09T18:07:45.459Z,60,Dumbbell Bench Press,Dumbbell,12,10,,,Done,false,,,"Chest,Trapezius,Triceps",
Monday,2026-03-09T16:51:39.815Z,2026-03-09T18:07:45.459Z,60,Dumbbell Bench Press,Dumbbell,10,10,,,Done,false,,,"Chest,Trapezius,Triceps",
Monday,2026-03-09T16:51:39.815Z,2026-03-09T18:07:45.459Z,60,Dumbbell Bench Press,Dumbbell,8,10,,,Done,false,,,"Chest,Trapezius,Triceps",
Monday,2026-03-09T16:51:39.815Z,2026-03-09T18:07:45.459Z,60,Dumbbell Bench Press,Dumbbell,9,10,,,Done,false,,,"Chest,Trapezius,Triceps",
Monday,2026-03-09T16:51:39.815Z,2026-03-09T18:07:45.459Z,60,Bent-over Row,Dumbbell,12,12.5,,,Done,false,,,"Trapezius,Back (Lower),Deltoids",3 sets each arm
Monday,2026-03-09T16:51:39.815Z,2026-03-09T18:07:45.459Z,60,Bent-over Row,Dumbbell,12,12.5,,,Done,false,,,"Trapezius,Back (Lower),Deltoids",3 sets each arm
Monday,2026-03-09T16:51:39.815Z,2026-03-09T18:07:45.459Z,60,Bent-over Row,Dumbbell,12,12.5,,,Done,false,,,"Trapezius,Back (Lower),Deltoids",3 sets each arm
Monday,2026-03-09T16:51:39.815Z,2026-03-09T18:07:45.459Z,60,Bent-over Row,Dumbbell,12,12.5,,,Done,false,,,"Trapezius,Back (Lower),Deltoids",3 sets each arm
Monday,2026-03-09T16:51:39.815Z,2026-03-09T18:07:45.459Z,60,Bent-over Row,Dumbbell,10,12.5,,,Done,false,,,"Trapezius,Back (Lower),Deltoids",3 sets each arm
Monday,2026-03-09T16:51:39.815Z,2026-03-09T18:07:45.459Z,60,Bent-over Row,Dumbbell,10,12.5,,,Done,false,,,"Trapezius,Back (Lower),Deltoids",3 sets each arm
Monday,2026-03-09T16:51:39.815Z,2026-03-09T18:07:45.459Z,60,Dumbbell Shoulder Press,Dumbbell,12,6,,,Done,false,,,"Trapezius,Triceps",
Monday,2026-03-09T16:51:39.815Z,2026-03-09T18:07:45.459Z,60,Dumbbell Shoulder Press,Dumbbell,12,6,,,Done,false,,,"Trapezius,Triceps",
Monday,2026-03-09T16:51:39.815Z,2026-03-09T18:07:45.459Z,60,Dumbbell Shoulder Press,Dumbbell,12,6,,,Done,false,,,"Trapezius,Triceps",
Monday,2026-03-09T16:51:39.815Z,2026-03-09T18:07:45.459Z,60,Standing Cable Wood Chop,Machine,12,20,,,Done,false,,,"Abdominals (Lower),Trapezius",
Monday,2026-03-09T16:51:39.815Z,2026-03-09T18:07:45.459Z,60,Standing Cable Wood Chop,Machine,12,20,,,Done,false,,,"Abdominals (Lower),Trapezius",
Monday,2026-03-09T16:51:39.815Z,2026-03-09T18:07:45.459Z,60,Standing Cable Wood Chop,Machine,12,20,,,Done,false,,,"Abdominals (Lower),Trapezius",
Monday,2026-03-09T16:51:39.815Z,2026-03-09T18:07:45.459Z,60,Lateral Raise,Dumbbell,12,2,,,Done,false,,,"Deltoids,Obliques",
Monday,2026-03-09T16:51:39.815Z,2026-03-09T18:07:45.459Z,60,Lateral Raise,Dumbbell,12,2,,,Done,false,,,"Deltoids,Obliques",
Monday,2026-03-09T16:51:39.815Z,2026-03-09T18:07:45.459Z,60,Lateral Raise,Dumbbell,12,2,,,Done,false,,,"Deltoids,Obliques",
Monday,2026-03-09T16:51:39.815Z,2026-03-09T18:07:45.459Z,60,Face Pull,Machine,8,25,,,Done,false,,,"Trapezius",
Monday,2026-03-09T16:51:39.815Z,2026-03-09T18:07:45.459Z,60,Face Pull,Machine,8,25,,,Done,false,,,"Trapezius",
Monday,2026-03-09T16:51:39.815Z,2026-03-09T18:07:45.459Z,60,Face Pull,Machine,8,25,,,Done,false,,,"Trapezius",
Thursday,2026-03-12T15:50:35.917Z,2026-03-12T17:12:15.305Z,60,Leg Press,None,8,50,,,Done,false,,,"Gluteals,Hamstrings,Quadriceps,Calves",
Thursday,2026-03-12T15:50:35.917Z,2026-03-12T17:12:15.305Z,60,Leg Press,None,8,50,,,Done,false,,,"Gluteals,Hamstrings,Quadriceps,Calves",
Thursday,2026-03-12T15:50:35.917Z,2026-03-12T17:12:15.305Z,60,Leg Press,None,8,60,,,Done,false,,,"Gluteals,Hamstrings,Quadriceps,Calves",
Thursday,2026-03-12T15:50:35.917Z,2026-03-12T17:12:15.305Z,60,Barbell Deadlift,Barbell,8,45,,,Done,false,,,"Back (Lower),Calves,Forearms,Gluteals,Hamstrings,Lats,Quadriceps,Trapezius",
Thursday,2026-03-12T15:50:35.917Z,2026-03-12T17:12:15.305Z,60,Barbell Deadlift,Barbell,8,45,,,Done,false,,,"Back (Lower),Calves,Forearms,Gluteals,Hamstrings,Lats,Quadriceps,Trapezius",
Thursday,2026-03-12T15:50:35.917Z,2026-03-12T17:12:15.305Z,60,Barbell Deadlift,Barbell,8,45,,,Done,false,,,"Back (Lower),Calves,Forearms,Gluteals,Hamstrings,Lats,Quadriceps,Trapezius",
Thursday,2026-03-12T15:50:35.917Z,2026-03-12T17:12:15.305Z,60,Barbell Deadlift,Barbell,6,55,,,Done,false,,,"Back (Lower),Calves,Forearms,Gluteals,Hamstrings,Lats,Quadriceps,Trapezius",
Thursday,2026-03-12T15:50:35.917Z,2026-03-12T17:12:15.305Z,60,Barbell Hip Thrust,Barbell,10,20,,,Done,false,,,"Gluteals,Calves,Hamstrings",
Thursday,2026-03-12T15:50:35.917Z,2026-03-12T17:12:15.305Z,60,Barbell Hip Thrust,Barbell,8,20,,,Done,false,,,"Gluteals,Calves,Hamstrings",
Thursday,2026-03-12T15:50:35.917Z,2026-03-12T17:12:15.305Z,60,Barbell Hip Thrust,Barbell,8,20,,,Done,false,,,"Gluteals,Calves,Hamstrings",
Thursday,2026-03-12T15:50:35.917Z,2026-03-12T17:12:15.305Z,60,Lying Leg Curls,Machine,12,25,,,Done,false,,,"Hamstrings",
Thursday,2026-03-12T15:50:35.917Z,2026-03-12T17:12:15.305Z,60,Lying Leg Curls,Machine,12,25,,,Done,false,,,"Hamstrings",
Thursday,2026-03-12T15:50:35.917Z,2026-03-12T17:12:15.305Z,60,Lying Leg Curls,Machine,12,25,,,Done,false,,,"Hamstrings",
Thursday,2026-03-12T15:50:35.917Z,2026-03-12T17:12:15.305Z,60,Single-Leg Leg Extension,Machine,8,20,,,Done,false,,,"Quadriceps",2 sets each leg
Thursday,2026-03-12T15:50:35.917Z,2026-03-12T17:12:15.305Z,60,Single-Leg Leg Extension,Machine,8,20,,,Done,false,,,"Quadriceps",2 sets each leg
Thursday,2026-03-12T15:50:35.917Z,2026-03-12T17:12:15.305Z,60,Single-Leg Leg Extension,Machine,8,20,,,Done,false,,,"Quadriceps",2 sets each leg
Thursday,2026-03-12T15:50:35.917Z,2026-03-12T17:12:15.305Z,60,Single-Leg Leg Extension,Machine,8,20,,,Done,false,,,"Quadriceps",2 sets each leg
Thursday,2026-03-12T15:50:35.917Z,2026-03-12T17:12:15.305Z,60,Standing Calf Raise,Dumbbell,12,25,,,Done,false,,,"Calves",
Thursday,2026-03-12T15:50:35.917Z,2026-03-12T17:12:15.305Z,60,Standing Calf Raise,Dumbbell,12,25,,,Done,false,,,"Calves",
Thursday,2026-03-12T15:50:35.917Z,2026-03-12T17:12:15.305Z,60,Standing Calf Raise,Dumbbell,12,25,,,Done,false,,,"Calves",
Thursday,2026-03-12T15:50:35.917Z,2026-03-12T17:12:15.305Z,60,Standing Calf Raise,Dumbbell,12,25,,,Done,false,,,"Calves",
Thursday,2026-03-12T15:50:35.917Z,2026-03-12T17:12:15.305Z,60,Thigh Adductor,Machine,12,25,,,Done,false,,,"Adductors,Gluteals,Hamstrings",
Thursday,2026-03-12T15:50:35.917Z,2026-03-12T17:12:15.305Z,60,Thigh Adductor,Machine,12,25,,,Done,false,,,"Adductors,Gluteals,Hamstrings",
Thursday,2026-03-12T15:50:35.917Z,2026-03-12T17:12:15.305Z,60,Thigh Abductor,Machine,12,40,,,Done,false,,,"Abductors,Gluteals",
Thursday,2026-03-12T15:50:35.917Z,2026-03-12T17:12:15.305Z,60,Thigh Abductor,Machine,12,40,,,Done,false,,,"Abductors,Gluteals",
Monday,2026-03-16T16:54:14.285Z,2026-03-16T18:05:41.688Z,60,Band Assisted Pull-Up,None,12,50,,,Done,false,,,"Lats,Abdominals (Lower),Forearms",
Monday,2026-03-16T16:54:14.285Z,2026-03-16T18:05:41.688Z,60,Band Assisted Pull-Up,None,12,50,,,Done,false,,,"Lats,Abdominals (Lower),Forearms",
Monday,2026-03-16T16:54:14.285Z,2026-03-16T18:05:41.688Z,60,Band Assisted Pull-Up,None,10,50,,,Done,false,,,"Lats,Abdominals (Lower),Forearms",
Monday,2026-03-16T16:54:14.285Z,2026-03-16T18:05:41.688Z,60,Band Assisted Pull-Up,None,12,50,,,Done,false,,,"Lats,Abdominals (Lower),Forearms",
Monday,2026-03-16T16:54:14.285Z,2026-03-16T18:05:41.688Z,60,Dumbbell Bench Press,Dumbbell,12,10,,,Done,false,,,"Chest,Trapezius,Triceps",
Monday,2026-03-16T16:54:14.285Z,2026-03-16T18:05:41.688Z,60,Dumbbell Bench Press,Dumbbell,12,10,,,Done,false,,,"Chest,Trapezius,Triceps",
Monday,2026-03-16T16:54:14.285Z,2026-03-16T18:05:41.688Z,60,Dumbbell Bench Press,Dumbbell,8,10,,,Done,false,,,"Chest,Trapezius,Triceps",
Monday,2026-03-16T16:54:14.285Z,2026-03-16T18:05:41.688Z,60,Dumbbell Bench Press,Dumbbell,6,10,,,Done,false,,,"Chest,Trapezius,Triceps",
Monday,2026-03-16T16:54:14.285Z,2026-03-16T18:05:41.688Z,60,Bent-over Row,Dumbbell,12,12.5,,,Done,false,,,"Trapezius,Back (Lower),Deltoids",3 sets each arm
Monday,2026-03-16T16:54:14.285Z,2026-03-16T18:05:41.688Z,60,Bent-over Row,Dumbbell,12,12.5,,,Done,false,,,"Trapezius,Back (Lower),Deltoids",3 sets each arm
Monday,2026-03-16T16:54:14.285Z,2026-03-16T18:05:41.688Z,60,Bent-over Row,Dumbbell,12,12.5,,,Done,false,,,"Trapezius,Back (Lower),Deltoids",3 sets each arm
Monday,2026-03-16T16:54:14.285Z,2026-03-16T18:05:41.688Z,60,Bent-over Row,Dumbbell,12,12.5,,,Done,false,,,"Trapezius,Back (Lower),Deltoids",3 sets each arm
Monday,2026-03-16T16:54:14.285Z,2026-03-16T18:05:41.688Z,60,Bent-over Row,Dumbbell,10,15,,,Done,false,,,"Trapezius,Back (Lower),Deltoids",3 sets each arm
Monday,2026-03-16T16:54:14.285Z,2026-03-16T18:05:41.688Z,60,Bent-over Row,Dumbbell,10,15,,,Done,false,,,"Trapezius,Back (Lower),Deltoids",3 sets each arm
Monday,2026-03-16T16:54:14.285Z,2026-03-16T18:05:41.688Z,60,Dumbbell Shoulder Press,Dumbbell,8,7.5,,,Done,false,,,"Trapezius,Triceps",
Monday,2026-03-16T16:54:14.285Z,2026-03-16T18:05:41.688Z,60,Dumbbell Shoulder Press,Dumbbell,8,7.5,,,Done,false,,,"Trapezius,Triceps",
Monday,2026-03-16T16:54:14.285Z,2026-03-16T18:05:41.688Z,60,Dumbbell Shoulder Press,Dumbbell,7,7.5,,,Done,false,,,"Trapezius,Triceps",
Monday,2026-03-16T16:54:14.285Z,2026-03-16T18:05:41.688Z,60,Standing Cable Wood Chop,Machine,12,20,,,Done,false,,,"Abdominals (Lower),Trapezius",
Monday,2026-03-16T16:54:14.285Z,2026-03-16T18:05:41.688Z,60,Standing Cable Wood Chop,Machine,12,20,,,Done,false,,,"Abdominals (Lower),Trapezius",
Monday,2026-03-16T16:54:14.285Z,2026-03-16T18:05:41.688Z,60,Standing Cable Wood Chop,Machine,12,20,,,Done,false,,,"Abdominals (Lower),Trapezius",
Monday,2026-03-16T16:54:14.285Z,2026-03-16T18:05:41.688Z,60,Lateral Raise,Dumbbell,10,2.5,,,Done,false,,,"Deltoids,Obliques",
Monday,2026-03-16T16:54:14.285Z,2026-03-16T18:05:41.688Z,60,Lateral Raise,Dumbbell,10,2.5,,,Done,false,,,"Deltoids,Obliques",
Monday,2026-03-16T16:54:14.285Z,2026-03-16T18:05:41.688Z,60,Lateral Raise,Dumbbell,12,2.5,,,Done,false,,,"Deltoids,Obliques",
Monday,2026-03-16T16:54:14.285Z,2026-03-16T18:05:41.688Z,60,Face Pull,Machine,12,25,,,Done,false,,,"Trapezius",
Monday,2026-03-16T16:54:14.285Z,2026-03-16T18:05:41.688Z,60,Face Pull,Machine,12,25,,,Done,false,,,"Trapezius",
Monday,2026-03-16T16:54:14.285Z,2026-03-16T18:05:41.688Z,60,Face Pull,Machine,10,25,,,Done,false,,,"Trapezius",
Thursday,2026-03-19T11:49:43.733Z,2026-03-19T13:01:45.792Z,60,Barbell Deadlift,Barbell,8,45,,,Done,false,,,"Back (Lower),Calves,Forearms,Gluteals,Hamstrings,Lats,Quadriceps,Trapezius",
Thursday,2026-03-19T11:49:43.733Z,2026-03-19T13:01:45.792Z,60,Barbell Deadlift,Barbell,8,50,,,Done,false,,,"Back (Lower),Calves,Forearms,Gluteals,Hamstrings,Lats,Quadriceps,Trapezius",
Thursday,2026-03-19T11:49:43.733Z,2026-03-19T13:01:45.792Z,60,Barbell Deadlift,Barbell,5,50,,,Done,false,,,"Back (Lower),Calves,Forearms,Gluteals,Hamstrings,Lats,Quadriceps,Trapezius",
Thursday,2026-03-19T11:49:43.733Z,2026-03-19T13:01:45.792Z,60,Barbell Deadlift,Barbell,8,50,,,Done,false,,,"Back (Lower),Calves,Forearms,Gluteals,Hamstrings,Lats,Quadriceps,Trapezius",
Thursday,2026-03-19T11:49:43.733Z,2026-03-19T13:01:45.792Z,60,Leg Press,None,6,60,,,Done,false,,,"Gluteals,Hamstrings,Quadriceps,Calves",
Thursday,2026-03-19T11:49:43.733Z,2026-03-19T13:01:45.792Z,60,Leg Press,None,6,60,,,Done,false,,,"Gluteals,Hamstrings,Quadriceps,Calves",
Thursday,2026-03-19T11:49:43.733Z,2026-03-19T13:01:45.792Z,60,Leg Press,None,8,60,,,Done,false,,,"Gluteals,Hamstrings,Quadriceps,Calves",
Thursday,2026-03-19T11:49:43.733Z,2026-03-19T13:01:45.792Z,60,Barbell Hip Thrust,Barbell,10,20,,,Done,false,,,"Gluteals,Calves,Hamstrings",
Thursday,2026-03-19T11:49:43.733Z,2026-03-19T13:01:45.792Z,60,Barbell Hip Thrust,Barbell,10,20,,,Done,false,,,"Gluteals,Calves,Hamstrings",
Thursday,2026-03-19T11:49:43.733Z,2026-03-19T13:01:45.792Z,60,Barbell Hip Thrust,Barbell,10,20,,,Done,false,,,"Gluteals,Calves,Hamstrings",
Thursday,2026-03-19T11:49:43.733Z,2026-03-19T13:01:45.792Z,60,Seated Leg Curl,Machine,10,50,,,Done,false,,,"Hamstrings",
Thursday,2026-03-19T11:49:43.733Z,2026-03-19T13:01:45.792Z,60,Seated Leg Curl,Machine,10,50,,,Done,false,,,"Hamstrings",
Thursday,2026-03-19T11:49:43.733Z,2026-03-19T13:01:45.792Z,60,Seated Leg Curl,Machine,7,50,,,Done,false,,,"Hamstrings",
Thursday,2026-03-19T11:49:43.733Z,2026-03-19T13:01:45.792Z,60,Single-Leg Leg Extension,Machine,8,20,,,Done,false,,,"Quadriceps",2 sets each leg
Thursday,2026-03-19T11:49:43.733Z,2026-03-19T13:01:45.792Z,60,Single-Leg Leg Extension,Machine,8,20,,,Done,false,,,"Quadriceps",2 sets each leg
Thursday,2026-03-19T11:49:43.733Z,2026-03-19T13:01:45.792Z,60,Single-Leg Leg Extension,Machine,8,20,,,Done,false,,,"Quadriceps",2 sets each leg
Thursday,2026-03-19T11:49:43.733Z,2026-03-19T13:01:45.792Z,60,Single-Leg Leg Extension,Machine,8,20,,,Done,false,,,"Quadriceps",2 sets each leg
Thursday,2026-03-19T11:49:43.733Z,2026-03-19T13:01:45.792Z,60,Standing Calf Raise,Dumbbell,15,25,,,Done,false,,,"Calves",
Thursday,2026-03-19T11:49:43.733Z,2026-03-19T13:01:45.792Z,60,Standing Calf Raise,Dumbbell,12,35,,,Done,false,,,"Calves",
Thursday,2026-03-19T11:49:43.733Z,2026-03-19T13:01:45.792Z,60,Standing Calf Raise,Dumbbell,12,25,,,Done,false,,,"Calves",
Thursday,2026-03-19T11:49:43.733Z,2026-03-19T13:01:45.792Z,60,Standing Calf Raise,Dumbbell,12,25,,,Done,false,,,"Calves",
Thursday,2026-03-19T11:49:43.733Z,2026-03-19T13:01:45.792Z,60,Thigh Adductor,Machine,12,25,,,Done,false,,,"Adductors,Gluteals,Hamstrings",
Thursday,2026-03-19T11:49:43.733Z,2026-03-19T13:01:45.792Z,60,Thigh Adductor,Machine,10,30,,,Done,false,,,"Adductors,Gluteals,Hamstrings",
Thursday,2026-03-19T11:49:43.733Z,2026-03-19T13:01:45.792Z,60,Thigh Abductor,Machine,12,40,,,Done,false,,,"Abductors,Gluteals",
Thursday,2026-03-19T11:49:43.733Z,2026-03-19T13:01:45.792Z,60,Thigh Abductor,Machine,8,45,,,Done,false,,,"Abductors,Gluteals",
